Forecast Week,Week Range,OMR Flow Bin,Past Chipps,Upstream of Decker,Unresolved in Central Delta,Unresolved in OMR Corridor,CVP Entrainment,SWP Entrainment
Week 1,06/29/2026 23:45,"-5,000",0.1,0.5,7.7,46.0,21.8,24.4
Week 1,06/29/2026 23:45,"-3,500",0.0,0.6,15.9,57.8,10.9,15.4
Week 1,06/29/2026 23:45,"-2,000",0.1,0.8,29.5,65.6,4.2,0.6
Week 2,07/06/2026 23:45,"-5,000",0.4,0.7,5.8,23.8,25.9,44.1
Week 2,07/06/2026 23:45,"-3,500",1.5,1.9,11.6,31.7,16.2,39.0
Week 2,07/06/2026 23:45,"-2,000",1.5,2.8,23.2,52.2,18.1,5.0
Week 3,07/13/2026 23:45,"-5,000",1.0,1.2,4.4,17.5,27.5,49.6
Week 3,07/13/2026 23:45,"-3,500",4.0,2.8,7.2,22.1,18.0,48.7
Week 3,07/13/2026 23:45,"-2,000",5.8,4.4,15.8,44.7,22.6,11.1
